"name","pseudotime"
"SRR657809",36.2195318855923
"SRR661052",51.8240034549779
"SRR815280",69.0593764704305
"SRR815542",48.028736237235
"SRR815845",20.4564901971018
"SRR816818",22.6140201026647
"SRR816969",51.5803833775086
"SRR5125442",51.5897311674771
"SRR820234",0
"SRR1069209",46.4282613026728
"SRR1069514",32.9258871829689
"SRR1073069",50.5245856700419
"SRR1074410",50.9022270177788
"SRR1075126",58.6385198127452
"SRR1075530",12.3795997550444
"SRR1076120",38.7464295288521
"SRR1077429",33.0212017544862
"SRR1078164",62.9095764741093
"SRR1078684",34.8638079872195
"SRR1078855",59.7018049207016
"SRR1080318",43.4767468482959
"SRR1080696",24.4970601258698
"SRR1081789",38.006132443363
"SRR1082496",6.29223853568797
"SRR1083732",55.1648391459467
"SRR1086441",62.5049760358217
"SRR1086514",22.1310233671644
"SRR1086869",5.65796243250687
"SRR1091645",9.24584682822769
"SRR1091990",64.5953245846267
"SRR1092444",44.6609076988866
"SRR1092468",38.6186724843803
"SRR1092636",37.6874947526456
"SRR1092913",27.2213226162622
"SRR1093075",50.0575732922053
"SRR1093697",13.9119189402468
"SRR1096081",22.7109945920896
"SRR1097344",7.12294864621602
"SRR1098686",46.1976120665715
"SRR1099402",56.222826800495
"SRR1105441",20.3043592620205
"SRR1308860",53.5543648312266
"SRR1310939",36.4331911075657
"SRR1312002",47.5088226212839
"SRR1315353",20.8537823755223
"SRR1317751",13.2527355010405
"SRR1323699",37.5249838104751
"SRR1324314",48.5453267662849
"SRR1326100",19.3918465585927
"SRR1332360",54.2264704092394
"SRR1335605",34.4265954383129
"SRR1335964",31.8966772924314
"SRR1338079",54.4902239313376
"SRR1340345",26.1248980509372
"SRR1340721",51.3661073817055
"SRR1340943",30.6346767943728
"SRR1344294",19.3414187333585
"SRR1347343",36.4105828574191
"SRR1348531",50.0159006248765
"SRR1349809",37.4299080881938
"SRR1353418",40.7761538091623
"SRR1360056",43.0177245016469
"SRR1365013",29.9876092381067
"SRR1366985",47.011392303887
"SRR1373964",34.3314950496468
"SRR1375866",52.5275384066469
"SRR1381396",53.0452797512864
"SRR1382553",42.9673716108802
"SRR1386910",27.8396368093224
"SRR1390094",38.2695851907157
"SRR1398251",65.2241364865133
"SRR1398815",49.7803247118062
"SRR1399113",8.14730888256474
"SRR1400100",25.5543769686482
"SRR1402261",39.0821693810625
"SRR1408703",20.4642964672775
"SRR1414332",59.2865046000683
"SRR1416636",25.397251374917
"SRR1421159",29.4832331748507
"SRR1430928",45.8908668751154
"SRR1431139",39.3862624915408
"SRR1432014",32.4515243150271
"SRR1433329",57.0171911663928
"SRR1434228",53.0101229230427
"SRR1434545",39.3350211677359
"SRR1435667",26.2506744750667
"SRR1436021",33.7643641306558
"SRR1437143",30.1557953231985
"SRR1437163",48.4650496535473
"SRR1441178",78.6503203215945
"SRR1441804",52.1123778155809
"SRR1442612",31.8483599830439
"SRR1443137",61.3902706049419
"SRR1465375",40.3670572201687
"SRR1465480",26.3431484986788
"SRR1468118",33.1475005597419
"SRR1470253",33.8638482279995
"SRR1453005",13.7065962850817
"SRR1453434",55.7948510659779
"SRR1455413",38.542923144626
"SRR1456611",26.0355766027863
"SRR1458198",42.4869622585968
"SRR1459465",9.03948852347035
"SRR1460409",49.2098616908291
"SRR1467149",37.0306032694186
"SRR1471178",55.336414277011
"SRR1472863",49.6078697482153
"SRR1476507",24.9929703327809
"SRR1478679",41.4092982528688
"SRR1479062",26.2596332119241
"SRR1480083",7.52232205770738
"SRR1486348",56.3912400247192
"SRR1488770",14.7211123242987
"SRR1489631",46.1098811846969
"SRR1499215",38.5666486906307
"SRR1500089",38.4872527225709
"111208_UNC10-SN254_0313_BD087RACXX_ACTTGA_L001",71.7709589736743
"111212_UNC15-SN850_0155_AD087AACXX_ACTTGA_L002",66.3217723325935
"111212_UNC15-SN850_0155_AD087AACXX_ACTTGA_L008",62.2592938276036
"111212_UNC15-SN850_0156_BD0KGCACXX_ACTTGA_L002",85.3819362744364
"111219_UNC11-SN627_0175_BC0CKKACXX_ACTTGA_L002",67.8754430176871
"120223_UNC12-SN629_0186_AC0GA2ACXX_ACTTGA_L004",66.0933074910843
"120223_UNC12-SN629_0186_AC0GA2ACXX_GATCAG_L007",82.497087032899
"120430_UNC10-SN254_0353_AC0TGUACXX_ACAGTG_L001",54.3449737016616
"120430_UNC10-SN254_0353_AC0TGUACXX_CGATGT_L004",96.3904892496345
"120430_UNC10-SN254_0353_AC0TGUACXX_GCCAAT_L006",59.0301388219744
"120430_UNC10-SN254_0353_AC0TGUACXX_TGACCA_L006",66.5825986423632
"120501_UNC11-SN627_0226_AC0TGKACXX_CGATGT_L006",36.4638134985534
"120501_UNC11-SN627_0226_AC0TGKACXX_GATCAG_L002",76.8093264943916
"120501_UNC16-SN851_0154_BC0MB8ACXX_ACTTGA_L008",55.2894162819124
"120507_UNC10-SN254_0355_AC0TR8ACXX_CAGATC_L002",58.3228849260544
"120507_UNC10-SN254_0355_AC0TR8ACXX_CGATGT_L004",54.0468848985912
"120507_UNC10-SN254_0355_AC0TR8ACXX_GATCAG_L004",41.0498095294868
"120507_UNC10-SN254_0355_AC0TR8ACXX_TGACCA_L001",68.1372866909521
"120507_UNC10-SN254_0355_AC0TR8ACXX_TGACCA_L006",59.2574615180333
"120508_UNC13-SN749_0172_AD101FACXX_ACAGTG_L005",29.5635228565417
"120508_UNC13-SN749_0172_AD101FACXX_CAGATC_L003",38.0949665662638
"120508_UNC13-SN749_0172_AD101FACXX_GATCAG_L007",79.6286572421851
"120508_UNC13-SN749_0172_AD101FACXX_GCCAAT_L002",77.7997629404334
"120508_UNC13-SN749_0172_AD101FACXX_GCCAAT_L007",60.3701994083572
"120508_UNC13-SN749_0172_AD101FACXX_TAGCTT_L004",34.6697629911582
"120514_UNC16-SN851_0158_AC0UWTACXX_ACTTGA_L003",76.4807748613971
"120514_UNC16-SN851_0158_AC0UWTACXX_GATCAG_L008",59.2235158967363
"120514_UNC16-SN851_0159_BC0TARACXX_CAGATC_L002",54.6502540660478
"120514_UNC16-SN851_0159_BC0TARACXX_CTTGTA_L003",65.3434537167732
"120514_UNC16-SN851_0159_BC0TARACXX_TAGCTT_L006",32.5775148870442
"120521_UNC12-SN629_0212_AC0RWNACXX_CAGATC_L004",81.2987156417498
"120521_UNC12-SN629_0212_AC0RWNACXX_CTTGTA_L001",81.1516189754647
"120529_UNC16-SN851_0165_BC0UMTACXX_CTTGTA_L002",68.3904700395631
"120529_UNC16-SN851_0165_BC0UMTACXX_TAGCTT_L006",84.1508065303912
"120605_UNC11-SN627_0237_AD11WMACXX_ACAGTG_L008",30.6708949212288
"120814_UNC12-SN629_0220_AD13JAACXX_CAGATC_L007",75.1627404482789
"120814_UNC12-SN629_0220_AD13JAACXX_CGATGT_L002",72.7594739428845
"120814_UNC12-SN629_0220_AD13JAACXX_CTTGTA_L001",35.5804837743839
"120814_UNC12-SN629_0220_AD13JAACXX_GGCTAC_L007",55.4991298149238
"120815_UNC16-SN851_0177_BD13LJACXX_ACAGTG_L006",69.0524684809886
"120815_UNC16-SN851_0177_BD13LJACXX_AGTTCC_L005",67.513974289705
"120815_UNC16-SN851_0177_BD13LJACXX_CAGATC_L005",71.7618628367851
"130221_UNC9-SN296_0338_BC1PYCACXX_ACAGTG_L008",112.08030541107
"130221_UNC9-SN296_0338_BC1PYCACXX_TGACCA_L008",79.3517105722898
"130226_UNC12-SN629_0260_AC1PTLACXX_CGATGT_L003",65.9979170704388
"130226_UNC14-SN744_0315_AD1V5TACXX_ACAGTG_L007",79.7309654187298
"130226_UNC14-SN744_0315_AD1V5TACXX_ACTTGA_L004",81.4532888825061
"130226_UNC14-SN744_0315_AD1V5TACXX_CGATGT_L005",79.4813812036577
"130226_UNC14-SN744_0315_AD1V5TACXX_TGACCA_L006",86.6870155547554
"130226_UNC14-SN744_0315_AD1V5TACXX_TTAGGC_L005",118.706486741468
"140318_UNC12-SN629_0354_AC3K7VACXX_AGTCAA_L002",49.364456780139
"140318_UNC12-SN629_0354_AC3K7VACXX_CCGTCC_L004",62.2884322793303
"111208_UNC10-SN254_0313_BD087RACXX_ACTTGA_L002",80.7290109741881
"111208_UNC10-SN254_0313_BD087RACXX_ACTTGA_L004",113.688469320243
"111212_UNC15-SN850_0155_AD087AACXX_ACTTGA_L003",126.640839009933
"111212_UNC15-SN850_0155_AD087AACXX_ACTTGA_L004",91.3171901337921
"111212_UNC15-SN850_0155_AD087AACXX_ACTTGA_L005",91.8964384256102
"111212_UNC15-SN850_0156_BD0KGCACXX_ACTTGA_L001",87.025299377365
"111212_UNC15-SN850_0156_BD0KGCACXX_ACTTGA_L003",130.49034061002
"111212_UNC15-SN850_0156_BD0KGCACXX_ACTTGA_L008",109.159029962102
"111216_UNC10-SN254_0314_AD0JVAACXX_ACTTGA_L001",110.479336255835
"111216_UNC10-SN254_0314_AD0JVAACXX_ACTTGA_L002",116.936442791087
"111216_UNC10-SN254_0314_AD0JVAACXX_GATCAG_L001",107.099503061
"111216_UNC10-SN254_0314_AD0JVAACXX_GATCAG_L003",106.514810680223
"111216_UNC10-SN254_0314_AD0JVAACXX_GATCAG_L004",89.6211425146588
"111216_UNC10-SN254_0314_AD0JVAACXX_TAGCTT_L002",106.187532053307
"111219_UNC11-SN627_0174_AD0JRJACXX_ACTTGA_L006",98.4701150314547
"111219_UNC11-SN627_0175_BC0CKKACXX_ACTTGA_L001",83.5497178590529
"111219_UNC11-SN627_0175_BC0CKKACXX_ACTTGA_L003",78.3959495506773
"111219_UNC11-SN627_0175_BC0CKKACXX_ACTTGA_L004",70.8907037833974
"111219_UNC11-SN627_0175_BC0CKKACXX_ACTTGA_L005",110.581901627454
"111219_UNC11-SN627_0175_BC0CKKACXX_ACTTGA_L006",103.586115907249
"111219_UNC11-SN627_0175_BC0CKKACXX_ACTTGA_L008",95.5795516827912
"111219_UNC11-SN627_0175_BC0CKKACXX_CAGATC_L004",99.1466883867563
"111219_UNC11-SN627_0175_BC0CKKACXX_GCCAAT_L005",89.9129417257597
"120201_UNC11-SN627_0181_AC0CETACXX_CAGATC_L002",151.849310969041
"120201_UNC11-SN627_0181_AC0CETACXX_GATCAG_L003",92.9090554770137
"120201_UNC11-SN627_0181_AC0CETACXX_GCCAAT_L001",63.678007421239
"120201_UNC11-SN627_0181_AC0CETACXX_TAGCTT_L004",113.788714692588
"120215_UNC10-SN254_0327_AC0CMCACXX_ACTTGA_L002",127.923826983077
"120215_UNC10-SN254_0327_AC0CMCACXX_ACTTGA_L004",88.0727244161141
"120215_UNC10-SN254_0327_AC0CMCACXX_ACTTGA_L005",76.733416698594
"120215_UNC10-SN254_0327_AC0CMCACXX_ACTTGA_L006",105.470592358687
"120215_UNC10-SN254_0327_AC0CMCACXX_GATCAG_L005",111.52334516101
"120215_UNC10-SN254_0327_AC0CMCACXX_GATCAG_L007",97.8375879711291
"120215_UNC10-SN254_0327_AC0CMCACXX_GATCAG_L008",79.5059982980251
"120215_UNC10-SN254_0327_AC0CMCACXX_TAGCTT_L006",88.469395206896
"120215_UNC10-SN254_0327_AC0CMCACXX_TAGCTT_L007",99.2607232435944
"120223_UNC12-SN629_0186_AC0GA2ACXX_ACAGTG_L006",120.226762389684
"120223_UNC12-SN629_0186_AC0GA2ACXX_ACTTGA_L001",84.4151197786876
"120223_UNC12-SN629_0186_AC0GA2ACXX_ACTTGA_L002",107.881692053836
"120223_UNC12-SN629_0186_AC0GA2ACXX_ACTTGA_L003",114.960027462805
"120223_UNC12-SN629_0186_AC0GA2ACXX_CAGATC_L004",113.136109404453
"120223_UNC12-SN629_0186_AC0GA2ACXX_GATCAG_L008",111.815417374434
"120223_UNC12-SN629_0186_AC0GA2ACXX_GCCAAT_L005",109.919866393616
"120223_UNC12-SN629_0186_AC0GA2ACXX_TAGCTT_L007",120.031257912669
"120425_UNC11-SN627_0224_BD0VAKACXX_CAGATC_L002",123.931394536488
"120425_UNC11-SN627_0224_BD0VAKACXX_CAGATC_L006",163.505310782149
"120425_UNC11-SN627_0224_BD0VAKACXX_GATCAG_L003",120.425205016015
"120425_UNC11-SN627_0224_BD0VAKACXX_GATCAG_L005",141.950113046436
"120425_UNC11-SN627_0224_BD0VAKACXX_GATCAG_L006",85.4908991618046
"120425_UNC11-SN627_0224_BD0VAKACXX_GATCAG_L007",119.655083728709
"120425_UNC11-SN627_0224_BD0VAKACXX_GATCAG_L008",121.829996869827
"120425_UNC11-SN627_0224_BD0VAKACXX_GCCAAT_L001",118.047164642216
"120425_UNC11-SN627_0224_BD0VAKACXX_GCCAAT_L005",131.87734985004
"120425_UNC11-SN627_0224_BD0VAKACXX_TAGCTT_L004",96.8799662759085
"120425_UNC11-SN627_0224_BD0VAKACXX_TAGCTT_L007",91.2804928974548
"120430_UNC10-SN254_0353_AC0TGUACXX_ACAGTG_L005",96.2873674778653
"120430_UNC10-SN254_0353_AC0TGUACXX_CAGATC_L007",118.510000853601
"120430_UNC10-SN254_0353_AC0TGUACXX_CGATGT_L008",133.773419870815
"120430_UNC10-SN254_0353_AC0TGUACXX_GATCAG_L004",119.528481705418
"120430_UNC10-SN254_0353_AC0TGUACXX_GATCAG_L007",77.0852556931374
"120430_UNC10-SN254_0353_AC0TGUACXX_GCCAAT_L002",111.938886329064
"120430_UNC10-SN254_0353_AC0TGUACXX_TAGCTT_L003",88.6771270051222
"120430_UNC10-SN254_0353_AC0TGUACXX_TAGCTT_L008",108.21417446323
"120430_UNC10-SN254_0353_AC0TGUACXX_TGACCA_L003",96.2813485708767
"120501_UNC11-SN627_0226_AC0TGKACXX_ACAGTG_L004",122.552138950539
"120501_UNC11-SN627_0226_AC0TGKACXX_ACAGTG_L008",88.2216419562795
"120501_UNC11-SN627_0226_AC0TGKACXX_CGATGT_L003",112.797118687484
"120501_UNC11-SN627_0226_AC0TGKACXX_GATCAG_L007",96.1079618530024
"120501_UNC11-SN627_0226_AC0TGKACXX_GCCAAT_L004",81.2579606511347
"120501_UNC11-SN627_0226_AC0TGKACXX_GCCAAT_L007",118.040484493281
"120501_UNC11-SN627_0226_AC0TGKACXX_TAGCTT_L002",99.0835196393306
"120501_UNC11-SN627_0226_AC0TGKACXX_TGACCA_L003",103.016110764964
"120501_UNC11-SN627_0226_AC0TGKACXX_TGACCA_L008",110.218848252054
"120501_UNC16-SN851_0154_BC0MB8ACXX_ACTTGA_L004",81.9178074321627
"120501_UNC16-SN851_0154_BC0MB8ACXX_ACTTGA_L005",81.6834145923683
"120501_UNC16-SN851_0154_BC0MB8ACXX_ACTTGA_L007",141.467114966113
"120502_UNC14-SN744_0235_BD0YUTACXX_ACTTGA_L005",116.476954734918
"120502_UNC14-SN744_0235_BD0YUTACXX_GATCAG_L006",107.136574760318
"120502_UNC14-SN744_0235_BD0YUTACXX_TAGCTT_L001",100.045518542009
"120502_UNC14-SN744_0235_BD0YUTACXX_TAGCTT_L002",103.878926551848
"120502_UNC14-SN744_0235_BD0YUTACXX_TAGCTT_L003",106.720200571294
"120502_UNC14-SN744_0235_BD0YUTACXX_TAGCTT_L004",146.901548563489
"120502_UNC14-SN744_0235_BD0YUTACXX_TAGCTT_L005",97.5454570860434
"120502_UNC14-SN744_0235_BD0YUTACXX_TAGCTT_L006",98.0897572932767
"120507_UNC10-SN254_0355_AC0TR8ACXX_ACAGTG_L007",104.767106745918
"120507_UNC10-SN254_0355_AC0TR8ACXX_CAGATC_L003",86.1170284651674
"120507_UNC10-SN254_0355_AC0TR8ACXX_GATCAG_L005",92.6736661212282
"120507_UNC10-SN254_0355_AC0TR8ACXX_TAGCTT_L003",85.981018142813
"120507_UNC10-SN254_0355_AC0TR8ACXX_TAGCTT_L007",108.827351864173
"120507_UNC11-SN627_0228_BC0MG7ACXX_ACTTGA_L006",107.170738477858
"120508_UNC13-SN749_0172_AD101FACXX_ACAGTG_L006",127.94445652566
"120508_UNC13-SN749_0172_AD101FACXX_CGATGT_L004",108.548895445297
"120508_UNC13-SN749_0172_AD101FACXX_CGATGT_L008",125.487644040294
"120508_UNC13-SN749_0172_AD101FACXX_CTTGTA_L001",111.880103170193
"120508_UNC13-SN749_0172_AD101FACXX_CTTGTA_L003",118.032244641708
"120508_UNC13-SN749_0172_AD101FACXX_GCCAAT_L008",106.984506099623
"120508_UNC13-SN749_0172_AD101FACXX_TGACCA_L006",78.7518103747082
"120514_UNC10-SN254_0358_BC0M2KACXX_CTTGTA_L002",82.3094980029614
"120514_UNC11-SN627_0229_AD121AACXX_ACTTGA_L003",102.993368672414
"120514_UNC11-SN627_0229_AD121AACXX_ACTTGA_L008",113.732816423493
"120514_UNC11-SN627_0229_AD121AACXX_GATCAG_L006",98.7401597511039
"120514_UNC11-SN627_0230_BC0UYHACXX_TTAGGC_L001",115.726095788303
"120514_UNC16-SN851_0158_AC0UWTACXX_ACTTGA_L006",88.4030301938904
"120514_UNC16-SN851_0159_BC0TARACXX_ACAGTG_L006",82.8289453577018
"120514_UNC16-SN851_0159_BC0TARACXX_CAGATC_L004",126.216417319961
"120514_UNC16-SN851_0159_BC0TARACXX_CAGATC_L007",114.508787051903
"120514_UNC16-SN851_0159_BC0TARACXX_CGATGT_L003",125.578805801282
"120514_UNC16-SN851_0159_BC0TARACXX_CTTGTA_L002",106.806404703281
"120514_UNC16-SN851_0159_BC0TARACXX_GATCAG_L005",98.9898952242563
"120514_UNC16-SN851_0159_BC0TARACXX_GATCAG_L008",133.803093172092
"120514_UNC16-SN851_0159_BC0TARACXX_GCCAAT_L005",75.9135801971694
"120514_UNC16-SN851_0159_BC0TARACXX_GCCAAT_L008",71.0815174292196
"120514_UNC16-SN851_0159_BC0TARACXX_TAGCTT_L007",97.5713560226368
"120514_UNC16-SN851_0159_BC0TARACXX_TGACCA_L004",85.6613053473344
"120521_UNC12-SN629_0212_AC0RWNACXX_CAGATC_L002",96.7815419316664
"120521_UNC12-SN629_0212_AC0RWNACXX_CGATGT_L004",115.637908593448
"120521_UNC12-SN629_0212_AC0RWNACXX_CTTGTA_L003",87.9866364514938
"120521_UNC12-SN629_0212_AC0RWNACXX_GATCAG_L002",119.218949720321
"120521_UNC12-SN629_0212_AC0RWNACXX_TGACCA_L003",61.9839327187576
"120529_UNC16-SN851_0165_BC0UMTACXX_CAGATC_L005",96.1868924736222
"120529_UNC16-SN851_0165_BC0UMTACXX_CGATGT_L003",154.953517766926
"120529_UNC16-SN851_0165_BC0UMTACXX_GATCAG_L005",130.961750979971
"120529_UNC16-SN851_0165_BC0UMTACXX_TGACCA_L004",109.870193108341
"120604_UNC13-SN749_0179_AC0V5LACXX_CGATGT_L001",126.30842423325
"120604_UNC13-SN749_0179_AC0V5LACXX_CGATGT_L006",83.2839960577787
"120604_UNC13-SN749_0179_AC0V5LACXX_CGATGT_L007",88.7285728496703
"120604_UNC13-SN749_0179_AC0V5LACXX_GCCAAT_L002",99.1942325899995
"120604_UNC13-SN749_0179_AC0V5LACXX_GCCAAT_L004",95.7581432734864
"120604_UNC13-SN749_0179_AC0V5LACXX_GCCAAT_L008",105.46149960555
"120604_UNC13-SN749_0180_BD127FACXX_CGATGT_L001",118.403724364755
"120604_UNC13-SN749_0180_BD127FACXX_GCCAAT_L002",104.463661637869
"120604_UNC13-SN749_0180_BD127FACXX_GCCAAT_L003",119.299929654529
"120604_UNC13-SN749_0180_BD127FACXX_GCCAAT_L004",104.296725493561
"120604_UNC13-SN749_0180_BD127FACXX_GCCAAT_L005",112.285235224034
"120611_UNC15-SN850_0219_BD120UACXX_ACAGTG_L008",88.4750374315409
"120611_UNC15-SN850_0219_BD120UACXX_GCCAAT_L002",90.5719784912707
"120611_UNC15-SN850_0219_BD120UACXX_GCCAAT_L003",108.056882605754
"120611_UNC15-SN850_0219_BD120UACXX_GCCAAT_L007",100.3700304926
"120713_UNC16-SN851_0171_BD1358ACXX_ACAGTG_L002",107.08839159649
"120713_UNC16-SN851_0171_BD1358ACXX_ACAGTG_L005",100.670312908931
"120713_UNC16-SN851_0171_BD1358ACXX_ACTTGA_L002",115.481819250634
"120806_UNC17-SN7001277_0041_BD132VACXX_ACTTGA_L007",98.507474565939
"120806_UNC17-SN7001277_0041_BD132VACXX_ATCACG_L007",118.193483898803
"120814_UNC12-SN629_0220_AD13JAACXX_AGTCAA_L002",116.056794250498
"120814_UNC12-SN629_0220_AD13JAACXX_AGTTCC_L004",107.918239527867
"120814_UNC12-SN629_0220_AD13JAACXX_CAGATC_L003",111.060319973901
"120814_UNC12-SN629_0220_AD13JAACXX_CGATGT_L004",102.619752396303
"120814_UNC12-SN629_0220_AD13JAACXX_GATCAG_L006",117.478254836796
"120814_UNC12-SN629_0220_AD13JAACXX_GCCAAT_L001",88.610664062735
"120814_UNC12-SN629_0220_AD13JAACXX_GCCAAT_L008",103.208154861619
"120814_UNC12-SN629_0220_AD13JAACXX_TAGCTT_L008",83.1188724614889
"120814_UNC12-SN629_0220_AD13JAACXX_TGACCA_L003",89.6039519132871
"120814_UNC12-SN629_0220_AD13JAACXX_TTAGGC_L006",114.066118182419
"120815_UNC16-SN851_0177_BD13LJACXX_ACAGTG_L007",91.866852210885
"120815_UNC16-SN851_0177_BD13LJACXX_AGTCAA_L008",64.9917013721198
"120815_UNC16-SN851_0177_BD13LJACXX_CGATGT_L007",116.933460577137
"120815_UNC16-SN851_0177_BD13LJACXX_CTTGTA_L006",95.8672750587657
"120815_UNC16-SN851_0177_BD13LJACXX_GCCAAT_L008",94.7463099071606
"120904_UNC14-SN744_0268_AC10DDACXX_GTGGCC_L004",97.5152787499836
"120904_UNC14-SN744_0268_AC10DDACXX_GTTTCG_L005",116.90069966768
"121126_UNC9-SN296_0314_BC11Y0ACXX_ACAGTG_L004",109.04249363042
"121126_UNC9-SN296_0314_BC11Y0ACXX_ACTTGA_L002",139.999171084761
"121126_UNC9-SN296_0314_BC11Y0ACXX_CAGATC_L002",94.3508980940088
"121126_UNC9-SN296_0314_BC11Y0ACXX_GATCAG_L003",107.359185899663
"121126_UNC9-SN296_0314_BC11Y0ACXX_TAGCTT_L003",112.919332117957
"121127_UNC16-SN851_0192_AC0YN3ACXX_GCCAAT_L001",100.389586566817
"130118_UNC12-SN629_0250_BD1MC5ACXX_GCCAAT_L003",79.9711038371176
"130118_UNC12-SN629_0250_BD1MC5ACXX_GCCAAT_L008",77.1269047695156
"130205_UNC16-SN851_0213_AD1TC5ACXX_AGTCAA_L005",172.357291265904
"130205_UNC16-SN851_0213_AD1TC5ACXX_AGTTCC_L006",140.865925710584
"130205_UNC16-SN851_0213_AD1TC5ACXX_CTTGTA_L003",147.982683064955
"130221_UNC9-SN296_0338_BC1PYCACXX_CGATGT_L007",91.0257152072605
"130221_UNC9-SN296_0338_BC1PYCACXX_TTAGGC_L007",150.739524651778
"130226_UNC14-SN744_0315_AD1V5TACXX_ATCACG_L004",96.3077766535451
"130226_UNC14-SN744_0315_AD1V5TACXX_CAGATC_L003",101.194077236128
"130226_UNC14-SN744_0315_AD1V5TACXX_CAGATC_L008",52.4213162877612
"130226_UNC14-SN744_0315_AD1V5TACXX_GCCAAT_L003",97.2500826539395
"130226_UNC14-SN744_0315_AD1V5TACXX_GCCAAT_L008",133.98330573085
"130226_UNC14-SN744_0315_AD1V5TACXX_TGACCA_L007",100.309529694946
"130226_UNC14-SN744_0315_AD1V5TACXX_TTAGGC_L001",91.3821062822904
"130226_UNC14-SN744_0315_AD1V5TACXX_TTAGGC_L006",121.682266159922
"130325_UNC12-SN629_0268_AC22W1ACXX_AGTTCC_L006",55.0180228499163
"130325_UNC12-SN629_0268_AC22W1ACXX_GATCAG_L008",133.008126532989
"130325_UNC12-SN629_0268_AC22W1ACXX_GTGGCC_L006",68.7953541404183
"130325_UNC12-SN629_0268_AC22W1ACXX_GTTTCG_L007",82.2062620931003
"130325_UNC12-SN629_0268_AC22W1ACXX_TAGCTT_L005",87.1826259735139
"130325_UNC16-SN851_0231_BC20VNACXX_ACTTGA_L004",119.305014116082
"130328_UNC10-SN254_0443_AD238RACXX_AGTCAA_L003",125.653006108602
"130328_UNC10-SN254_0443_AD238RACXX_CTTGTA_L004",128.860520676205
"130328_UNC10-SN254_0443_AD238RACXX_GATCAG_L001",68.3802729389648
"130328_UNC10-SN254_0443_AD238RACXX_GGCTAC_L002",66.4124265732134
"130328_UNC10-SN254_0443_AD238RACXX_GGCTAC_L003",114.15175750671
"130328_UNC10-SN254_0443_AD238RACXX_GTTTCG_L005",103.873431166362
"130328_UNC10-SN254_0443_AD238RACXX_TAGCTT_L001",125.794586617478
"130424_UNC11-SN627_0294_BC236MACXX_GTTTCG_L007",89.881474246225
"130530_UNC9-SN296_0371_BC2528ACXX_ACTTGA_L004",112.811094263942
"130530_UNC9-SN296_0371_BC2528ACXX_ACTTGA_L006",110.990051441081
"130530_UNC9-SN296_0371_BC2528ACXX_GATCAG_L007",139.48420299187
"130530_UNC9-SN296_0371_BC2528ACXX_GGCTAC_L007",123.520322975251
"130530_UNC9-SN296_0371_BC2528ACXX_GTGGCC_L005",104.734921350757
"130530_UNC9-SN296_0371_BC2528ACXX_GTGGCC_L007",91.3794771621269
"130530_UNC9-SN296_0371_BC2528ACXX_GTTTCG_L005",105.28019222327
"130530_UNC9-SN296_0371_BC2528ACXX_GTTTCG_L008",142.927746969792
"130530_UNC9-SN296_0371_BC2528ACXX_TAGCTT_L004",105.104393344144
"130530_UNC9-SN296_0371_BC2528ACXX_TAGCTT_L006",83.2484905146053
"130530_UNC9-SN296_0371_BC2528ACXX_TTAGGC_L005",139.455838313928
"130530_UNC9-SN296_0371_BC2528ACXX_TTAGGC_L008",147.138194600539
"130606_UNC9-SN296_0372_AC277JACXX_ATCACG_L006",124.534100672069
"130606_UNC9-SN296_0372_AC277JACXX_GATCAG_L001",128.786750436376
"130606_UNC9-SN296_0372_AC277JACXX_GGCTAC_L001",131.580624561565
"130722_UNC9-SN296_0385_AD2F28ACXX_ACTTGA_L006",110.769757814894
"130722_UNC9-SN296_0385_AD2F28ACXX_ATCACG_L006",101.36275295256
"130722_UNC9-SN296_0385_AD2F28ACXX_GATCAG_L007",74.34017112559
"130722_UNC9-SN296_0385_AD2F28ACXX_GGCTAC_L006",76.0660255825948
"130722_UNC9-SN296_0385_AD2F28ACXX_GGCTAC_L008",85.9556753362697
"130722_UNC9-SN296_0385_AD2F28ACXX_GTGGCC_L005",130.355029800328
"130722_UNC9-SN296_0385_AD2F28ACXX_GTTTCG_L007",56.6065439854917
"130722_UNC9-SN296_0385_AD2F28ACXX_GTTTCG_L008",104.889329553617
"130722_UNC9-SN296_0385_AD2F28ACXX_TAGCTT_L005",122.683951165104
"130722_UNC9-SN296_0385_AD2F28ACXX_TTAGGC_L007",95.3208019471561
"130722_UNC9-SN296_0385_AD2F28ACXX_TTAGGC_L008",126.927888075672
"130723_UNC9-SN296_0386_BC2E4WACXX_ACTTGA_L002",104.278392150833
"130723_UNC9-SN296_0386_BC2E4WACXX_ATCACG_L001",103.905572785166
"130723_UNC9-SN296_0386_BC2E4WACXX_GATCAG_L001",141.961943597592
"130723_UNC9-SN296_0386_BC2E4WACXX_GTGGCC_L001",138.830069965965
"130807_UNC12-SN629_0325_BD2BD7ACXX_GGCTAC_L004",111.938886329064
"130807_UNC12-SN629_0325_BD2BD7ACXX_GTTTCG_L004",117.252653710273
"130807_UNC12-SN629_0325_BD2BD7ACXX_TTAGGC_L004",133.099434453999
"130807_UNC12-SN629_0325_BD2BD7ACXX_TTAGGC_L005",131.054007497005
"130814_UNC10-SN254_0487_AC2BD1ACXX_ACAGTG_L004",63.2182009286934
"130814_UNC10-SN254_0487_AC2BD1ACXX_CAGATC_L007",72.4330122082496
"130814_UNC10-SN254_0487_AC2BD1ACXX_GCCAAT_L005",73.096676486049
"130827_UNC15-SN850_0324_AC2B28ACXX_ACAGTG_L002",114.961263579076
"130827_UNC15-SN850_0324_AC2B28ACXX_ACTTGA_L005",156.761367365804
"130827_UNC15-SN850_0324_AC2B28ACXX_CAGATC_L002",127.314364777882
"130827_UNC15-SN850_0324_AC2B28ACXX_CTTGTA_L003",98.0676033592793
"130827_UNC15-SN850_0324_AC2B28ACXX_GATCAG_L005",131.458595507367
"130827_UNC15-SN850_0324_AC2B28ACXX_GCCAAT_L002",89.8440405078264
"130827_UNC15-SN850_0324_AC2B28ACXX_GGCTAC_L008",75.9286080888865
"130827_UNC15-SN850_0324_AC2B28ACXX_GTGGCC_L007",91.1371575067063
"130827_UNC15-SN850_0324_AC2B28ACXX_TAGCTT_L008",80.8191377263064
"130827_UNC15-SN850_0325_BC2AV1ACXX_ACTTGA_L004",115.541760529287
"130827_UNC15-SN850_0325_BC2AV1ACXX_ACTTGA_L006",122.122940231088
"130827_UNC15-SN850_0325_BC2AV1ACXX_ATCACG_L002",98.4881136769396
"130827_UNC15-SN850_0325_BC2AV1ACXX_ATCACG_L004",117.388270017552
"130827_UNC15-SN850_0325_BC2AV1ACXX_GATCAG_L001",119.189380253797
"130827_UNC15-SN850_0325_BC2AV1ACXX_GATCAG_L002",83.6926696122469
"130827_UNC15-SN850_0325_BC2AV1ACXX_GGCTAC_L001",89.9901250210598
"130827_UNC15-SN850_0325_BC2AV1ACXX_GTGGCC_L006",85.0150670996996
"130827_UNC15-SN850_0325_BC2AV1ACXX_GTTTCG_L003",109.144110289924
"130827_UNC15-SN850_0325_BC2AV1ACXX_GTTTCG_L005",71.1937308692948
"130827_UNC15-SN850_0325_BC2AV1ACXX_TAGCTT_L004",82.2808026440651
"130827_UNC15-SN850_0325_BC2AV1ACXX_TAGCTT_L005",104.456433653528
"130827_UNC15-SN850_0325_BC2AV1ACXX_TTAGGC_L001",119.444279279747
"130827_UNC15-SN850_0325_BC2AV1ACXX_TTAGGC_L003",107.073003041418
"130827_UNC15-SN850_0325_BC2AV1ACXX_TTAGGC_L005",80.3940820035968
"130926_SN254_0496_AD2DY9ACXX_GTGGCC_L003",94.0361621371883
"130926_SN254_0496_AD2DY9ACXX_TGACCA_L006",132.631504035734
"131008_UNC11-SN627_0326_AC2KLPACXX_AGTCAA_L003",144.897716602014
"131008_UNC11-SN627_0326_AC2KLPACXX_AGTTCC_L003",87.5688974639592
"131008_UNC11-SN627_0326_AC2KLPACXX_AGTTCC_L004",75.5513982279862
"131008_UNC11-SN627_0326_AC2KLPACXX_CGATGT_L003",159.600435437668
"131008_UNC11-SN627_0326_AC2KLPACXX_CGATGT_L005",136.223477160431
"131008_UNC15-SN850_0331_AC2KJ8ACXX_AGTCAA_L006",113.925437865716
"131008_UNC15-SN850_0331_AC2KJ8ACXX_AGTTCC_L003",151.485412756379
"131008_UNC15-SN850_0331_AC2KJ8ACXX_AGTTCC_L004",120.751808506498
"131008_UNC15-SN850_0331_AC2KJ8ACXX_AGTTCC_L006",133.586358001903
"131008_UNC15-SN850_0331_AC2KJ8ACXX_CTTGTA_L007",77.6702305534212
"131016_UNC10-SN254_0498_BC2KTUACXX_ATCACG_L005",78.9039144546375
"131016_UNC10-SN254_0498_BC2KTUACXX_GTGGCC_L003",113.428128949959
"131016_UNC10-SN254_0498_BC2KTUACXX_GTTTCG_L005",88.7348266724147
"131016_UNC10-SN254_0498_BC2KTUACXX_GTTTCG_L008",100.822342314025
"131016_UNC15-SN850_0333_AC2MBAACXX_ATCACG_L007",136.874824443532
"131016_UNC15-SN850_0333_AC2MBAACXX_ATCACG_L008",99.1511186051487
"131016_UNC15-SN850_0333_AC2MBAACXX_GTGGCC_L006",103.217771541679
"131016_UNC15-SN850_0333_AC2MBAACXX_GTGGCC_L007",111.713943363803
"131021_UNC9-SN296_0409_BC2M6NACXX_ATCACG_L004",80.169035157536
"131021_UNC9-SN296_0409_BC2M6NACXX_GTTTCG_L003",95.1161058124387
"131021_UNC9-SN296_0409_BC2M6NACXX_GTTTCG_L006",83.05854568473
"131118_UNC15-SN850_0339_AC347DACXX_ACAGTG_L001",72.8475130117267
"131217_UNC14-SN744_0384_BC32YDACXX_GATCAG_L004",97.0963857672232
"131217_UNC14-SN744_0384_BC32YDACXX_GCCAAT_L003",90.5440597222554
"131217_UNC14-SN744_0384_BC32YDACXX_GGCTAC_L005",118.567282044021
"131217_UNC15-SN850_0343_AC330UACXX_ACAGTG_L003",126.131866931411
"131217_UNC15-SN850_0343_AC330UACXX_AGTCAA_L008",110.351941113847
"131217_UNC15-SN850_0343_AC330UACXX_AGTTCC_L005",81.3844720369871
"131217_UNC15-SN850_0343_AC330UACXX_ATCACG_L002",119.844870296265
"131217_UNC15-SN850_0343_AC330UACXX_ATGTCA_L002",73.4440369432891
"131217_UNC15-SN850_0343_AC330UACXX_CGATGT_L003",105.063766560375
"131217_UNC15-SN850_0343_AC330UACXX_GATCAG_L003",92.7445361143983
"131217_UNC15-SN850_0343_AC330UACXX_GCCAAT_L006",128.660362928111
"131217_UNC15-SN850_0343_AC330UACXX_GTCCGC_L006",101.994474075918
"131217_UNC15-SN850_0343_AC330UACXX_TTAGGC_L008",143.260319307323
"140102_UNC15-SN850_0344_AC384WACXX_ACAGTG_L002",106.419199342979
"140102_UNC15-SN850_0344_AC384WACXX_ACTTGA_L002",115.245977309876
"140102_UNC15-SN850_0344_AC384WACXX_ATCACG_L005",96.0024005306633
"140102_UNC15-SN850_0344_AC384WACXX_CAGATC_L001",126.384523132669
"140102_UNC15-SN850_0344_AC384WACXX_CCGTCC_L001",147.458787483226
"140102_UNC15-SN850_0344_AC384WACXX_TGACCA_L001",71.4177675238688
"140304_UNC14-SN744_0400_AC3LWGACXX_CGTACG_L006",89.9403784498888
"140304_UNC14-SN744_0400_AC3LWGACXX_GAGTGG_L007",101.95162496092
"140304_UNC14-SN744_0400_AC3LWGACXX_GATCAG_L005",74.7459926030863
"140304_UNC14-SN744_0400_AC3LWGACXX_GGCTAC_L007",121.714326293165
"140304_UNC14-SN744_0400_AC3LWGACXX_GTGGCC_L001",87.622419826009
"140304_UNC14-SN744_0400_AC3LWGACXX_GTTTCG_L005",94.4003208088015
"140305_UNC13-SN749_0334_BC3L6VACXX_ACTGAT_L006",101.813727586692
"140305_UNC13-SN749_0334_BC3L6VACXX_ACTTGA_L008",137.802555867244
"140305_UNC13-SN749_0334_BC3L6VACXX_ATCACG_L006",87.1156594734405
"140305_UNC13-SN749_0334_BC3L6VACXX_ATGTCA_L007",118.025098349319
"140305_UNC13-SN749_0334_BC3L6VACXX_ATTCCT_L007",106.098063236767
"140305_UNC13-SN749_0334_BC3L6VACXX_GTCCGC_L003",85.3513389379345
"140305_UNC13-SN749_0334_BC3L6VACXX_TTAGGC_L005",123.080971986641
"140312_UNC11-SN627_0348_AC3KRYACXX_ACAGTG_L004",121.972753968533
"140312_UNC11-SN627_0348_AC3KRYACXX_ACTTGA_L002",105.758422936867
"140312_UNC11-SN627_0348_AC3KRYACXX_AGTCAA_L003",92.6276085902553
"140312_UNC11-SN627_0348_AC3KRYACXX_AGTTCC_L008",143.947067699891
"140312_UNC11-SN627_0348_AC3KRYACXX_ATGTCA_L005",106.781687106539
"140312_UNC11-SN627_0348_AC3KRYACXX_CAGATC_L008",102.541925803697
"140312_UNC11-SN627_0348_AC3KRYACXX_CCGTCC_L003",112.31746771316
"140312_UNC11-SN627_0348_AC3KRYACXX_CGATGT_L002",89.7415200875563
"140312_UNC11-SN627_0348_AC3KRYACXX_CTTGTA_L007",53.767032121028
"140312_UNC11-SN627_0348_AC3KRYACXX_GATCAG_L008",87.5947427784945
"140312_UNC11-SN627_0348_AC3KRYACXX_GCCAAT_L007",98.7814231371712
"140312_UNC11-SN627_0348_AC3KRYACXX_GTCCGC_L003",120.320708351736
"140312_UNC11-SN627_0348_AC3KRYACXX_GTGAAA_L006",128.241486311663
"140312_UNC11-SN627_0348_AC3KRYACXX_TGACCA_L002",110.768194896876
"140312_UNC15-SN850_0357_AC3M7FACXX_GATCAG_L003",113.711428089047
"140312_UNC15-SN850_0357_AC3M7FACXX_GTTTCG_L002",119.246246527823
"140312_UNC15-SN850_0357_AC3M7FACXX_TTAGGC_L008",127.217400773718
"140318_UNC12-SN629_0354_AC3K7VACXX_ACTTGA_L002",72.4961393934178
"140318_UNC12-SN629_0354_AC3K7VACXX_AGTCAA_L003",100.718443164805
"140318_UNC12-SN629_0354_AC3K7VACXX_AGTTCC_L005",88.4554769135606
"140318_UNC12-SN629_0354_AC3K7VACXX_AGTTCC_L008",96.1135279064052
"140318_UNC12-SN629_0354_AC3K7VACXX_ATCACG_L001",128.847848316653
"140318_UNC12-SN629_0354_AC3K7VACXX_ATCACG_L004",82.2053618569221
"140318_UNC12-SN629_0354_AC3K7VACXX_ATCACG_L008",89.9528408727934
"140318_UNC12-SN629_0354_AC3K7VACXX_CCGTCC_L003",110.211905750446
"140318_UNC12-SN629_0354_AC3K7VACXX_CGATGT_L003",122.706976125156
"140318_UNC12-SN629_0354_AC3K7VACXX_CTTGTA_L005",73.1469517923074
"140318_UNC12-SN629_0354_AC3K7VACXX_GTGAAA_L007",112.542329707966
"140318_UNC12-SN629_0354_AC3K7VACXX_TTAGGC_L006",90.2302642187033
"140318_UNC14-SN744_0403_AC3M3WACXX_ACAGTG_L002",89.5708803009069
"140318_UNC14-SN744_0403_AC3M3WACXX_ACAGTG_L006",120.098568670328
"140318_UNC14-SN744_0403_AC3M3WACXX_ACTTGA_L006",92.3030736450877
"140318_UNC14-SN744_0403_AC3M3WACXX_ATCACG_L007",132.369639634773
"140318_UNC14-SN744_0403_AC3M3WACXX_CAGATC_L004",95.8341328362246
"140318_UNC14-SN744_0403_AC3M3WACXX_CAGATC_L006",96.4519062244785
"140318_UNC14-SN744_0403_AC3M3WACXX_CCGTCC_L002",92.1765759933729
"140318_UNC14-SN744_0403_AC3M3WACXX_CGATGT_L001",138.877642375519
"140318_UNC14-SN744_0403_AC3M3WACXX_CGATGT_L003",94.1868246661724
"140318_UNC14-SN744_0403_AC3M3WACXX_GATCAG_L008",88.8212172745617
"140318_UNC14-SN744_0403_AC3M3WACXX_GCCAAT_L004",143.509695712919
"140318_UNC14-SN744_0403_AC3M3WACXX_GCCAAT_L007",86.0033506006429
"140318_UNC14-SN744_0403_AC3M3WACXX_GTGAAA_L002",99.7275636921685
"140318_UNC14-SN744_0403_AC3M3WACXX_GTGAAA_L003",98.5887880288404
"140318_UNC14-SN744_0403_AC3M3WACXX_TGACCA_L001",99.1485423770707
"140318_UNC14-SN744_0403_AC3M3WACXX_TGACCA_L004",152.911994721817
"140318_UNC14-SN744_0403_AC3M3WACXX_TGACCA_L007",120.928399524166
"140318_UNC14-SN744_0403_AC3M3WACXX_TTAGGC_L001",125.542776970044
"140318_UNC14-SN744_0403_AC3M3WACXX_TTAGGC_L008",128.247123969927
"140325_UNC11-SN627_0349_AC3KB8ACXX_ACAGTG_L008",128.201601440755
"140325_UNC11-SN627_0349_AC3KB8ACXX_ACTTGA_L002",73.8124434976582
"140325_UNC11-SN627_0349_AC3KB8ACXX_AGTCAA_L008",142.249774020051
"140325_UNC11-SN627_0349_AC3KB8ACXX_CAGATC_L006",74.0482674830594
"140325_UNC11-SN627_0349_AC3KB8ACXX_CAGATC_L007",115.343691896411
"140325_UNC11-SN627_0349_AC3KB8ACXX_CTTGTA_L004",108.416419624292
"140325_UNC11-SN627_0349_AC3KB8ACXX_GATCAG_L002",190.559971868971
"140325_UNC11-SN627_0349_AC3KB8ACXX_GATCAG_L008",113.326811793627
"140325_UNC11-SN627_0349_AC3KB8ACXX_GCCAAT_L004",89.4267978707056
"140325_UNC15-SN850_0358_AC3LP7ACXX_AGTCAA_L003",63.2766615806348
"140325_UNC15-SN850_0358_AC3LP7ACXX_GATCAG_L001",141.856650092108
"140404_UNC11-SN627_0350_BC3K66ACXX_ATCACG_L001",131.923384950577
"140404_UNC11-SN627_0350_BC3K66ACXX_ATCACG_L008",147.976474977965
"140404_UNC11-SN627_0350_BC3K66ACXX_GTCCGC_L001",89.6666109180277
"140404_UNC11-SN627_0350_BC3K66ACXX_GTCCGC_L003",80.9104139965314
"140404_UNC11-SN627_0350_BC3K66ACXX_TTAGGC_L004",132.368168675175
"140424_UNC12-SN629_0365_AC4368ACXX_CCGTCC_L008",117.096920342484
"140424_UNC13-SN749_0344_AC3WUKACXX_AGTTCC_L004",117.913987286364
"140502_UNC12-SN629_0366_AC3UT1ACXX_ACAGTG_L007",75.6686564236961
"140502_UNC12-SN629_0366_AC3UT1ACXX_ATTCCT_L005",104.557155866063
"140502_UNC12-SN629_0366_AC3UT1ACXX_GCCAAT_L005",132.807759259454
"140502_UNC12-SN629_0366_AC3UT1ACXX_GTGAAA_L001",97.9052413416166
"140502_UNC12-SN629_0366_AC3UT1ACXX_TAGCTT_L003",96.5751762176306
"140506_UNC15-SN850_0363_BC3YJYACXX_ACAGTG_L008",102.073824837493
"140506_UNC15-SN850_0363_BC3YJYACXX_ACTGAT_L007",116.254582898297
"140506_UNC15-SN850_0363_BC3YJYACXX_ACTTGA_L003",129.479672877579
"140506_UNC15-SN850_0363_BC3YJYACXX_CGATGT_L004",123.973556649036
"140506_UNC15-SN850_0363_BC3YJYACXX_CGTACG_L005",100.037251173885
"140506_UNC15-SN850_0363_BC3YJYACXX_GATCAG_L004",83.9575489014778
"140506_UNC15-SN850_0363_BC3YJYACXX_GCCAAT_L008",147.23366457347
"140506_UNC15-SN850_0363_BC3YJYACXX_GGCTAC_L007",68.1109127351018
"140506_UNC15-SN850_0363_BC3YJYACXX_GTGGCC_L004",102.17984473558
"140506_UNC15-SN850_0363_BC3YJYACXX_TAGCTT_L007",131.576464382877
"140506_UNC15-SN850_0363_BC3YJYACXX_TGACCA_L006",135.554176721824
"140508_UNC12-SN629_0367_AC3U9RACXX_ACTTGA_L002",145.149123932946
"140508_UNC12-SN629_0367_AC3U9RACXX_ATTCCT_L004",94.2400274743245
"140508_UNC12-SN629_0367_AC3U9RACXX_CGATGT_L001",64.5335912169299
"140508_UNC12-SN629_0367_AC3U9RACXX_CGTACG_L002",140.503014307172
"140508_UNC12-SN629_0367_AC3U9RACXX_GAGTGG_L002",105.182793352801
"140508_UNC12-SN629_0367_AC3U9RACXX_GATCAG_L001",154.353831564037
"140508_UNC12-SN629_0367_AC3U9RACXX_GTGGCC_L001",90.6399758545184
"140508_UNC12-SN629_0367_AC3U9RACXX_GTTTCG_L004",134.53258779189
"140508_UNC12-SN629_0367_AC3U9RACXX_TGACCA_L003",94.6374054463488
"140509_UNC11-SN627_0357_BC4CGKACXX_ACAGTG_L006",86.4943611466518
"140509_UNC11-SN627_0357_BC4CGKACXX_ACAGTG_L008",100.918523015593
"140509_UNC11-SN627_0357_BC4CGKACXX_ACTTGA_L001",125.690826459828
"140509_UNC11-SN627_0357_BC4CGKACXX_AGTCAA_L008",104.181445490933
"140509_UNC11-SN627_0357_BC4CGKACXX_AGTTCC_L007",117.463949340523
"140509_UNC11-SN627_0357_BC4CGKACXX_ATCACG_L001",86.8893075348416
"140509_UNC11-SN627_0357_BC4CGKACXX_ATGTCA_L002",90.600845094547
"140509_UNC11-SN627_0357_BC4CGKACXX_CAGATC_L005",133.009394397166
"140509_UNC11-SN627_0357_BC4CGKACXX_CCGTCC_L004",119.121567290391
"140509_UNC11-SN627_0357_BC4CGKACXX_CTTGTA_L006",139.89081821451
"140509_UNC11-SN627_0357_BC4CGKACXX_GATCAG_L004",111.638315407443
"140509_UNC11-SN627_0357_BC4CGKACXX_GTCCGC_L005",75.8159733699446
"140509_UNC11-SN627_0357_BC4CGKACXX_GTGAAA_L008",90.051735121194
"140509_UNC11-SN627_0357_BC4CGKACXX_TTAGGC_L006",90.825323346036
"140509_UNC11-SN627_0357_BC4CGKACXX_TTAGGC_L007",150.376873466508
"140509_UNC12-SN629_0368_BC4241ACXX_AGTCAA_L001",111.553473794679
"140509_UNC12-SN629_0368_BC4241ACXX_ATCACG_L001",132.444740990851
"140509_UNC12-SN629_0368_BC4241ACXX_GCCAAT_L001",142.054611056098
"140815_UNC11-SN627_0374_AC5FPLACXX_ACTTGA_L002",113.347476766546
"140815_UNC11-SN627_0374_AC5FPLACXX_AGTTCC_L002",101.058532250309
"140815_UNC11-SN627_0374_AC5FPLACXX_AGTTCC_L007",136.698804716511
"140815_UNC11-SN627_0374_AC5FPLACXX_CCGTCC_L006",127.040503365169
"140815_UNC11-SN627_0374_AC5FPLACXX_CCGTCC_L007",124.177156390752
"140815_UNC11-SN627_0374_AC5FPLACXX_CTTGTA_L006",131.245475216424
"140815_UNC11-SN627_0374_AC5FPLACXX_GTGAAA_L003",116.248452865202
"140815_UNC11-SN627_0375_BC59VCACXX_ACTTGA_L004",84.1971192651095
"140815_UNC11-SN627_0375_BC59VCACXX_CCGTCC_L001",135.808695327262
"140815_UNC11-SN627_0375_BC59VCACXX_CGATGT_L002",107.318175354459
"140815_UNC11-SN627_0375_BC59VCACXX_CGATGT_L003",166.817214710543
"140815_UNC11-SN627_0375_BC59VCACXX_GCCAAT_L003",123.716644413156
"140815_UNC11-SN627_0375_BC59VCACXX_GCCAAT_L008",97.5704125077761
"140815_UNC11-SN627_0375_BC59VCACXX_GTGAAA_L001",143.680008682126
"140815_UNC11-SN627_0375_BC59VCACXX_GTGAAA_L002",107.900580885584
"140815_UNC11-SN627_0375_BC59VCACXX_TGACCA_L002",117.102657220612
"140815_UNC11-SN627_0375_BC59VCACXX_TGACCA_L004",124.88622605554
"140815_UNC9-SN296_0431_BC5AG8ACXX_ACTTGA_L001",80.6405836811178
"140815_UNC9-SN296_0431_BC5AG8ACXX_AGTTCC_L001",78.5744514150977
"140815_UNC9-SN296_0431_BC5AG8ACXX_CTTGTA_L001",100.735545527063
"140815_UNC9-SN296_0431_BC5AG8ACXX_CTTGTA_L002",90.0141591141375
"140820_UNC17-D00216_0240_AC5FB2ACXX_ACAGTG_L002",105.743319436534
"140820_UNC17-D00216_0240_AC5FB2ACXX_ACTTGA_L005",128.118286135314
"140820_UNC17-D00216_0240_AC5FB2ACXX_ACTTGA_L008",93.0822326760912
"140820_UNC17-D00216_0240_AC5FB2ACXX_ATTCCT_L008",119.770165762782
"140820_UNC17-D00216_0240_AC5FB2ACXX_GAGTGG_L006",130.140966418178
"140820_UNC17-D00216_0240_AC5FB2ACXX_GAGTGG_L007",71.3239268336404
"140820_UNC17-D00216_0240_AC5FB2ACXX_GATCAG_L003",44.4848793972767
"140820_UNC17-D00216_0240_AC5FB2ACXX_GGCTAC_L003",89.2893003557141
"140820_UNC17-D00216_0240_AC5FB2ACXX_GGCTAC_L005",72.3713898421307
"140820_UNC17-D00216_0240_AC5FB2ACXX_GTGGCC_L008",90.1311238150818
"140820_UNC17-D00216_0240_AC5FB2ACXX_GTTTCG_L004",98.8709852597713
"140820_UNC17-D00216_0240_AC5FB2ACXX_GTTTCG_L005",105.636121547817
"140820_UNC17-D00216_0240_AC5FB2ACXX_GTTTCG_L007",114.59256964186
"140820_UNC17-D00216_0240_AC5FB2ACXX_TAGCTT_L007",62.185015876617
"140820_UNC17-D00216_0240_AC5FB2ACXX_TTAGGC_L004",105.421559112077
"140820_UNC17-D00216_0241_BC5DBKACXX_ACTGAT_L004",131.573641641817
"140820_UNC17-D00216_0241_BC5DBKACXX_ACTGAT_L007",146.426156346233
"140820_UNC17-D00216_0241_BC5DBKACXX_ATTCCT_L001",122.757696380917
"140820_UNC17-D00216_0241_BC5DBKACXX_ATTCCT_L003",138.874248995349
"140820_UNC17-D00216_0241_BC5DBKACXX_CGATGT_L004",101.587143826435
"140820_UNC17-D00216_0241_BC5DBKACXX_CGATGT_L005",105.810550710224
"140820_UNC17-D00216_0241_BC5DBKACXX_CGATGT_L006",80.6261903848303
"140820_UNC17-D00216_0241_BC5DBKACXX_CGTACG_L002",77.9905769860133
"140820_UNC17-D00216_0241_BC5DBKACXX_CGTACG_L005",156.189204955497
"140820_UNC17-D00216_0241_BC5DBKACXX_GAGTGG_L001",97.113737856692
"140820_UNC17-D00216_0241_BC5DBKACXX_GATCAG_L008",81.2484281271982
"140820_UNC17-D00216_0241_BC5DBKACXX_GCCAAT_L007",154.070775102436
"140820_UNC17-D00216_0241_BC5DBKACXX_GCCAAT_L008",114.116164226803
"140820_UNC17-D00216_0241_BC5DBKACXX_GTGGCC_L004",119.812717648829
"140820_UNC17-D00216_0241_BC5DBKACXX_TAGCTT_L001",96.5864948930266
"140820_UNC17-D00216_0241_BC5DBKACXX_TGACCA_L005",76.1313170783225
"140820_UNC17-D00216_0241_BC5DBKACXX_TGACCA_L006",97.4645750034501
"140820_UNC17-D00216_0241_BC5DBKACXX_TGACCA_L008",76.4285693182922
"140821_UNC11-SN627_0376_AC5FE5ACXX_ATCACG_L001",93.4693047304821
"140821_UNC11-SN627_0376_AC5FE5ACXX_GATCAG_L007",117.637163545771
"140821_UNC11-SN627_0376_AC5FE5ACXX_GCCAAT_L001",123.271954449668
"140821_UNC11-SN627_0376_AC5FE5ACXX_GGCTAC_L002",62.211789708763
"140826_UNC9-SN296_0432_AC5CAJACXX_ACAGTG_L002",77.3281094522039
"140826_UNC9-SN296_0432_AC5CAJACXX_ACAGTG_L005",123.603419849007
"140826_UNC9-SN296_0432_AC5CAJACXX_ACTGAT_L004",102.743690106126
"140826_UNC9-SN296_0432_AC5CAJACXX_ACTTGA_L005",124.825405105158
"140826_UNC9-SN296_0432_AC5CAJACXX_ATCACG_L002",84.2165526402022
"140826_UNC9-SN296_0432_AC5CAJACXX_ATCACG_L004",102.835155925783
"140826_UNC9-SN296_0432_AC5CAJACXX_CGTACG_L004",132.947381052725
"140826_UNC9-SN296_0432_AC5CAJACXX_CGTACG_L006",127.152930422529
"140826_UNC9-SN296_0432_AC5CAJACXX_GTGGCC_L003",134.191731945273
"140826_UNC9-SN296_0432_AC5CAJACXX_TAGCTT_L003",100.873387029377
"140826_UNC9-SN296_0432_AC5CAJACXX_TAGCTT_L006",124.0920087307
"140826_UNC9-SN296_0432_AC5CAJACXX_TTAGGC_L005",100.043677246386
"141031_UNC11-SN627_0387_AC5FAKACXX_ACTTGA_L007",88.1263941660589
"141031_UNC11-SN627_0387_AC5FAKACXX_GATCAG_L008",104.701210993153
"141031_UNC11-SN627_0387_AC5FAKACXX_GTCCGC_L002",142.456035492466
"141031_UNC11-SN627_0387_AC5FAKACXX_GTGAAA_L003",80.4706748569849
"141031_UNC11-SN627_0387_AC5FAKACXX_GTTTCG_L005",111.820575693861
"141031_UNC11-SN627_0387_AC5FAKACXX_TAGCTT_L007",86.1159429123585
"140820_UNC17-D00216_0240_AC5FB2ACXX_ACAGTG_L006",176.223925491355
"SRR7949386",87.082512247919
"SRR7949387",89.7063937615576
"SRR7949388",92.8328908768025
"SRR7949389",94.6445182327941
"SRR7949390",93.310598399361
"SRR7949391",75.5528980555815
"SRR7949392",74.6932419612932
"SRR7949393",97.7590814065003
"SRR7949394",86.7843914858639
"SRR7949395",82.4827262927019
"SRR7949396",110.288622861843
"SRR7949397",86.1360868588297
"SRR7949398",96.675785776392
"SRR7949399",119.112165654741
"SRR7949400",98.9417954798477
"SRR7949401",107.003854627392
"SRR7949402",104.703944172393
"SRR7949403",118.650031006001
"SRR7949404",96.9693143833915
"SRR7949405",118.767699937322
"SRR7949406",106.031239795028
"SRR7949407",109.483205415822
"SRR7949408",104.667526296385
"SRR7949409",110.293950642038
"SRR7949410",107.359183125749
"SRR7949411",68.1953064107556
"SRR7949412",95.5363560591743
"SRR7949413",52.0406919924052
"SRR7949414",109.393454191293
"SRR7949415",109.819184481798
"SRR7949416",69.010263804579
"SRR7949417",83.6513585078039
"SRR7949418",111.015093453201
"SRR7949419",115.760827965261
"SRR7949420",88.4367916627622
"SRR7949421",101.263247735153
"SRR7949422",107.588179070611
"SRR7949423",107.443610042009
"SRR7949424",89.4628274858564
"SRR7949425",101.448993253713
"SRR7949426",76.4567794299282
"SRR7949427",100.611522060832
"SRR7949428",98.741560258266
"SRR7949429",109.724799235553
"SRR7949430",114.956094700092
"SRR7949431",102.424385762297
"SRR7949432",87.8197559437384
"SRR7949433",88.0606368365064
"SRR7949434",89.3121411593324
"SRR7949435",117.330361676197
"SRR7949436",70.2840843676811
"SRR7949437",120.22548261615
"SRR7949438",125.118129963643
"SRR7949439",75.7198618956708
"SRR7949440",116.44215593442
"SRR7949441",87.2627374957843
"SRR7949442",84.6750578217337
"SRR7949443",81.9411684580554
"SRR7949444",95.4589243375023
"SRR7949445",90.6329245361968
"SRR7949446",109.53481492686
"SRR7949447",85.0006711171098
"SRR7949448",92.7833525598035
"SRR7949449",111.130150297561
"SRR7949450",71.9816460856618
"SRR7949451",105.774374769632
"SRR7949452",96.573164983399
"SRR7949453",86.5661201163368
"SRR7949454",90.8369144569591
"SRR7949455",98.7700162385272
"SRR7949456",104.048373878189
"SRR7949457",77.4683875089625
"SRR7949458",80.2012004539297
"SRR7949459",114.521289158381
"SRR7949460",95.4136214828746
"SRR7949461",111.293493153974
"SRR7949462",102.714574884801
"SRR7949463",88.8692572248291
"SRR7949464",132.839856041866
"SRR7949465",103.218444285016
"SRR7949466",102.822484367297
"SRR7949467",93.1531418714294
"SRR7949468",98.2286636063363
"SRR7949469",106.129336031036
"SRR7949470",92.2000852048995
"SRR7949472",97.6161596212654
"SRR7949473",97.8664459095672
"SRR7949474",116.535770696531
"SRR7949475",75.1165056613381
"SRR7949476",95.748894654153
"SRR7949477",109.175949543673
"SRR7411423",77.5277666124402
"SRR7411424",59.4601217110231
"SRR7411425",62.4793625646391
"SRR7411426",53.8786966802155
"SRR7411427",73.9479570038162
"SRR7411428",61.1505476672783
"SRR7411429",134.949422593999
"SRR7411430",63.5721963610871
"SRR7411431",102.788620850086
"SRR7411432",93.4026637169004
"SRR7411433",59.674068387001
"SRR7411434",78.3655172019883
"SRR7411435",61.7986509425454
"SRR7411436",75.7193252571111
"SRR7411439",75.8263881906309
"SRR7411440",104.974198723987
"SRR7411441",48.3690306760805
"SRR7411442",103.061150904763
"SRR7411443",51.5056344242233
"SRR7411444",130.15385893365
"SRR7411445",87.1616251031538
"SRR7411446",90.0079002910569
"SRR7411447",95.7455476344272
"SRR7411448",48.1159422078054
"SRR7411449",73.4997370260592
"SRR7411450",54.4160042751619
"SRR7411451",83.570044135168
"SRR7411452",114.199442991605
"SRR7411453",66.8035120522126
"SRR7411454",98.6034156652408
"SRR7411455",67.1933584892602
"ERR2539092",102.20477547314
"ERR2539094",100.626173608531
"ERR2539096",103.828926948514
"ERR2539098",95.2711873625861
"ERR2539100",82.4277593445694
"ERR2539104",100.323058855984
"ERR2539106",81.0495584227396
"ERR2539108",94.8046147388159
"ERR2539110",130.612912393508
"ERR2539112",64.1400459716445
"ERR2539114",107.5564319034
"ERR2539116",108.072109740577
"ERR2539118",77.1945857056785
"ERR2539120",116.748396208465
"ERR2539122",111.905291628086
"ERR2539124",70.1264197644784
"ERR2539126",62.9138024121051
"ERR2539128",80.3148132113785
"ERR2539132",84.6196986921638
"ERR2539134",81.4067726876999
"ERR2539136",96.6495343466738
"ERR2539138",82.6616225407708
"ERR2539140",78.9756971069685
"ERR2539142",93.1504753237887
"ERR2539144",82.1746282400207
"ERR2539146",86.449081317957
"ERR2539148",74.987206240286
"ERR2539150",97.9649897884367
"ERR2539152",97.1520736959948
"ERR2539154",91.1169478365643
"ERR2539156",80.6919573990589
"ERR2539158",67.760491048227
"ERR2539160",87.1907616173339
"ERR2539162",78.975460134319
"ERR2539164",96.4610076064054
"ERR2539166",72.6431881386972
"ERR2539168",96.5874914612922
"ERR2539170",106.831200037241
"ERR2539172",98.3131722405577
"ERR2539174",100.104380172376
"ERR2539176",66.8381778426349
"ERR2539178",54.8718422866034
"ERR2539180",92.8900247337723
"ERR2539078",167.562825107062
"ERR2539080",171.903452511657
"ERR2539082",146.134342581075
"ERR2539084",164.532935649554
"ERR2539086",63.5661901776399
"SRR3018068",177.793537951543
"SRR3018197",208.28713019771
"SRR3018199",191.397520400326
"SRR3018016",211.856153890188
"SRR3018019",155.390841321765
"SRR3018024",151.572428923766
"SRR3018027",65.8122469893757
"SRR3018031",201.458303967147
"SRR3018035",176.996047386081
"SRR3018039",217.077006642869
"SRR3018044",164.668335340155
"SRR3018047",174.24041974542
"SRR3018051",202.256263648268
"SRR3018056",174.646807712174
"SRR3018061",192.465639379584
"SRR3018063",176.449643965381
"SRR3018073",162.085821723014
"SRR3018080",175.49915459138
"SRR3018084",162.978153400803
"SRR3018089",200.0768256102
"SRR3018092",190.597712831374
"SRR3018099",223.521360121381
"SRR3018103",194.721020722752
"SRR3018109",181.03231978958
"SRR3018111",162.918800196697
"SRR3018115",189.665705959055
"SRR3018119",173.487160957715
"SRR3018123",206.926258111477
"SRR3018127",188.536242778797
"SRR3018131",175.225148661856
"SRR3018141",191.29169545414
"SRR3018145",186.542931045857
"SRR3018149",184.749718184916
"SRR3018153",168.593034008047
"SRR3018157",235.65590047782
"SRR3018162",190.488673546504
"SRR3018166",166.229191486241
"SRR3018169",174.603928994392
"SRR3018174",197.558300932311
"SRR3018177",167.701674314106
"SRR3018182",209.074703266522
"SRR3018185",167.81270453567
"SRR3018189",213.826803192958
"SRR3018011",175.334558368972
"SRR3018071",185.099611046245
"SRR3018097",179.21960206087
"SRR3018135",197.197381333325
"SRR3018014",185.021747177132
"SRR3018139",182.635522822496
"SRR3018194",14.2036789344045
"SRR3018078",194.389405525127
"SRR8311582",167.35917191815
"SRR8311583",168.356857918866
"SRR8311618",215.73555718839
"SRR8311621",226.608604092408
"SRR8311625",181.13889626446
"SRR8311643",180.840811710366
"SRR8311650",181.03231978958
"SRR8311654",170.363470609903
"SRR8311689",173.613567490523
"SRR8311691",186.291165543658
"SRR8311696",177.452935989808
"SRR8311701",181.000010691509
"SRR8311702",173.927379912104
"SRR8311703",166.345676326676
"SRR8311709",168.536943549455
"SRR8311743",218.616736464189
"SRR8311747",194.780060857772
"SRR8311748",178.883280550865
"SRR8311790",173.228314726437
"SRR8311793",167.190538532093
"SRR8312064",185.898909664742
"SRR8312065",200.009351992078
"SRR8312072",176.142919947564
"SRR8312088",171.97278340743
"SRR8312110",236.494204632377
"SRR4306269",171.276196242159
"SRR4306325",213.179543588085
"SRR4306366",175.03643924604
"SRR4306414",203.33593396234
"SRR4306612",221.182463192831
"SRR4306615",166.411391437458
"SRR4306732",163.329642076574
"SRR4306780",174.303682870622
"SRR4307283",235.218950015395
"SRR4307298",194.183428313752
"SRR4307306",225.552940819161
"SRR4307369",179.075693562958
"SRR4307457",171.0922922748
"SRR4307696",197.874435173218
"SRR4307799",100.355251843766
"SRR4307817",199.313142641226
"SRR4307881",220.966711679679
"SRR7216228",159.250886073093
"SRR7216231",172.357291265904
"SRR7216234",173.60413140902
"SRR7216237",189.473610336642
"SRR7216240",185.178875812043
"SRR7216243",191.708803467774
"SRR7216246",171.88912604093
"SRR7216249",169.748998469821
"SRR7216252",170.512068996234
"SRR7216255",191.631583683577
"SRR7216258",206.456177720461
"SRR7216261",185.478224256083
"SRR7216264",185.471473953302
"SRR7216267",191.463508224222
"SRR7216270",207.993895153165
"SRR7216273",171.97278340743
"SRR7216276",200.850789523181
"SRR7216279",188.453566366942
"SRR7216282",188.963043769983
"SRR3146714",10.0376460068451
"SRR3146718",240.982904293432
"SRR3146736",222.803225557379
"SRR3146747",218.011542771075
"SRR3146759",203.098867749792
"SRR3146764",205.239070747556
"SRR3146769",247.688891007749
"SRR3146770",236.174811978924
"SRR3146785",185.213817500648
"SRR3146797",231.69566340567
"SRR3146802",178.096174594097
"SRR3146803",203.089535301482
"SRR3146824",225.348658686243
"SRR3146826",237.267887066674
"SRR3146843",209.707577433958
"SRR3146848",204.56621217509
"SRR3146852",168.685614505576
"SRR3146854",197.954011047683
"SRR3146857",37.8339293424396
"SRR3146859",183.265141099519
"SRR3146861",202.208288038704
"SRR3146870",211.259783926395
"SRR3146875",208.497954992033
"SRR3146878",189.528812361055
"SRR3146881",184.217777785636
"SRR3146882",40.5967700126217
"SRR3146885",227.781978233084
"SRR3146891",224.375167489821
"SRR3146892",206.268213966794
"SRR3146894",179.15527808366
"SRR3146897",225.754508295571
"SRR3146899",224.412774149142
"SRR3146902",204.623131768628
"SRR3146908",223.412468041794
"SRR3146910",46.5756446508305
"SRR3146913",65.7720230530548
"SRR3146914",175.62195946837
"SRR3146927",166.473912327629
"SRR3146939",195.291793794183
"SRR3146941",237.648366494346
"SRR3146944",215.609995997945
"SRR3146945",231.129465695821
"SRR3146950",226.368723286056
"SRR3146957",233.495225758257
"SRR3146961",229.108344858407
"SRR3146974",80.554661658922
"SRR3146977",232.28133158607
"SRR3146980",181.985805443542
"SRR3146981",251.397654604348
"SRR7686452",232.396265637845
"SRR7686453",238.812816585162
"SRR7686454",204.050420697168
"SRR7686455",196.788395851479
"SRR7686456",186.097880051922
"SRR7686457",183.804026761674
"SRR7686458",238.016945550738
"SRR7686459",242.417978887684
"SRR7686460",225.251556615935
"SRR7686461",191.393785762094
"SRR7686462",246.43766965814
"SRR7686463",233.128300405479
"SRR7686464",219.038389998419
"SRR7686465",178.778677579272
"SRR7686466",180.082185272523
"SRR7686467",182.715701807962
"SRR7686468",169.552685308155
"SRR7686469",189.361760176635
"SRR7686470",221.568760582805
"SRR7686471",224.728062903851
"SRR7686472",186.804232861607
"SRR7686473",192.844392348359
"SRR7686474",197.694433898361
"SRR7686475",184.754067470733
"SRR7686476",202.881172321233
"SRR7686477",205.648862088834
"SRR7686478",210.027113151906
"SRR7686479",246.740366565545
"SRR7686480",191.896237006688
"SRR7686481",208.486473830381
"SRR7686482",194.821346956595
"SRR7686483",187.614245179626
"SRR7686484",179.754658632398
"SRR7686485",176.517155431345
"SRR7686486",194.87620012288
"SRR7686487",182.226412851697
"SRR7686488",187.760735872098
"SRR7686489",230.950093312139
"SRR7686490",199.857640902268
"SRR7686491",253.266893386179
"SRR7686492",236.935259869652
"SRR8528517",199.992968475918
"SRR8528518",157.124474870794
"SRR8528519",164.472563788473
"SRR8528520",210.980808078313
"SRR8528522",181.575539689783
"SRR8528523",188.612910414469
"SRR8528524",182.545319295125
"SRR8528525",175.364358670193
"SRR8528526",224.668976191733
"SRR8528527",227.186713247269
"SRR8528528",190.566404952627
"SRR8528529",190.341724002241
"SRR8528530",179.916044031413
"SRR8528531",160.145360327782
"SRR8528532",160.439382155452
"SRR8528533",177.559191730489
"SRR8528534",192.907129567946
"SRR8528535",168.541374231825
"SRR8528536",179.690189355338
"SRR8528537",162.925567249677
"SRR8528538",170.542259028516
"SRR8528539",189.107248338937
"SRR8528540",163.215118879658
"SRR8528541",164.936996287174
"SRR8528542",166.458611673595
"SRR8528543",185.13492156233
"SRR8528544",177.389371968202
"SRR8528545",241.747345473574
"SRR8528546",244.319215882389
"SRR8528549",193.48656170479
"SRR8528555",235.123862779309
"SRR8528556",202.909945571282
"SRR8528558",177.702929586791
"SRR8528565",176.198217773151
"SRR8528567",233.072295238941
"SRR8528569",213.251845317957
"SRR8528570",188.979825121777
"SRR8528573",184.536191690475
"SRR8528577",186.570348293412
"SRR8528580",208.129871887065
"SRR8528581",223.904510301099
"SRR8528593",178.61890666094
"SRR8528594",175.149067150929
"SRR8528599",247.023923131944
"SRR8528600",193.428224332937
"SRR8528601",193.329324075862
"SRR8528602",200.802893648122
"SRR8528603",252.445446313806
"SRR8528604",234.040590946196
"SRR8528605",217.373401209798
"SRR8528606",194.024598203997
"SRR8528607",192.76395713002
"SRR8528608",181.985805443542
"SRR8528609",179.471709361052
"SRR8528610",175.302469362673
"SRR8528611",192.621343971562
"SRR8528612",211.670818399215
"SRR8528613",209.798244799889
"SRR8528614",209.14194919008
